type_no,listing_id,property_type,room_type,accommodates,bathrooms,bedrooms,beds,bed_type,square_feet
1,241032,Apartment,Entire home/apt,4,1,1,1,Real Bed,
2,953595,Apartment,Entire home/apt,4,1,1,1,Real Bed,
3,3308979,House,Entire home/apt,11,4.5,5,7,Real Bed,
4,7421966,Apartment,Entire home/apt,3,1,0,2,Real Bed,
5,278830,House,Entire home/apt,6,2,3,3,Real Bed,
6,5956968,House,Private room,2,1,1,1,Real Bed,
7,1909058,House,Private room,2,1,1,1,Real Bed,
8,856550,Cabin,Private room,2,1,1,1,Real Bed,
9,4948745,Apartment,Private room,2,1,1,1,Real Bed,
10,2493658,Apartment,Entire home/apt,4,1,1,1,Real Bed,
11,175576,House,Entire home/apt,2,1,1,1,Real Bed,
12,4454295,House,Entire home/apt,2,1,1,1,Real Bed,
13,3883392,Apartment,Entire home/apt,4,1,2,3,Real Bed,
14,8889257,House,Entire home/apt,5,1,2,3,Real Bed,
15,5680462,House,Entire home/apt,16,3.5,6,15,Real Bed,
16,8988178,House,Entire home/apt,5,1,2,2,Real Bed,
17,3245876,Apartment,Private room,2,1,1,1,Real Bed,
18,4933447,House,Private room,2,1,1,1,Real Bed,
19,7735464,Apartment,Private room,2,2,1,1,Futon,
20,6291829,House,Entire home/apt,10,3.5,5,5,Real Bed,
21,9218403,Condominium,Entire home/apt,1,1,1,1,Real Bed,
22,4125779,House,Private room,3,1.5,1,2,Real Bed,
23,8942678,House,Entire home/apt,8,2,4,4,Real Bed,
24,10106055,House,Private room,2,1,1,1,Real Bed,
25,6362362,House,Entire home/apt,5,2.5,3,3,Real Bed,
26,3544550,House,Entire home/apt,8,2.5,3,5,Real Bed,
27,9025039,House,Entire home/apt,5,1,2,3,Real Bed,
28,3200646,Camper/RV,Private room,2,1,1,1,Real Bed,
29,8859380,Apartment,Entire home/apt,6,2,3,3,Real Bed,
30,4520099,Apartment,Entire home/apt,3,1,1,2,Real Bed,
31,2481869,Apartment,Entire home/apt,4,1,1,1,Real Bed,
32,1110749,House,Entire home/apt,6,1.5,3,3,Real Bed,
33,5978498,House,Entire home/apt,4,3,3,2,Real Bed,
34,5021081,House,Entire home/apt,7,3.5,4,3,Real Bed,
35,1686930,Apartment,Entire home/apt,4,1,2,2,Real Bed,
36,7680289,Apartment,Entire home/apt,4,1,1,2,Real Bed,
37,7207641,House,Entire home/apt,8,3,3,3,Real Bed,
38,5062445,House,Private room,1,1,1,1,Futon,
39,8925878,Apartment,Entire home/apt,4,1,1,2,Real Bed,
40,6389657,Apartment,Entire home/apt,2,1,0,1,Real Bed,
41,4218733,Apartment,Entire home/apt,4,1,1,2,Real Bed,
42,2715623,House,Entire home/apt,3,1,1,2,Real Bed,
43,1392332,House,Entire home/apt,4,1.5,2,2,Real Bed,
44,7308567,Apartment,Entire home/apt,3,1.5,1,2,Real Bed,
45,6575380,House,Private room,5,1,1,1,Real Bed,
46,6004058,Apartment,Entire home/apt,2,1,0,1,Futon,
47,9550869,Bungalow,Entire home/apt,10,3,4,4,Real Bed,
48,8515408,Bungalow,Entire home/apt,2,1,0,1,Real Bed,
49,5383192,House,Entire home/apt,4,1,1,2,Real Bed,
50,1112092,House,Entire home/apt,4,1,1,3,Real Bed,
51,7772661,House,Entire home/apt,2,1,0,1,Real Bed,
52,9254900,Apartment,Entire home/apt,2,1,0,1,Real Bed,
53,7714294,Apartment,Entire home/apt,3,1,1,1,Futon,
54,10310373,Apartment,Private room,3,1,1,1,Real Bed,
55,9368342,Townhouse,Entire home/apt,2,1.5,1,1,Real Bed,
56,6361863,Apartment,Entire home/apt,2,1,1,1,Real Bed,
57,8105221,Townhouse,Private room,2,1,1,1,Futon,
58,3269390,House,Entire home/apt,2,1,0,1,Real Bed,
59,4566393,House,Entire home/apt,4,2.5,3,3,Real Bed,
60,9282409,House,Private room,2,2,1,1,Real Bed,
61,8095168,Apartment,Private room,2,1,1,1,Futon,
62,2746782,Apartment,Entire home/apt,2,1,0,1,Real Bed,
63,6424982,House,Private room,2,1,1,1,Real Bed,
64,762029,Camper/RV,Private room,2,1,1,2,Real Bed,
65,8988281,House,Entire home/apt,4,1,2,2,Real Bed,
66,7077910,House,Entire home/apt,6,2.5,3,4,Real Bed,
67,3772674,Apartment,Entire home/apt,2,1,1,1,Real Bed,
68,7021906,House,Entire home/apt,12,3.5,5,7,Real Bed,
69,7618605,Apartment,Entire home/apt,2,1,1,1,Real Bed,
70,10234558,Condominium,Private room,2,1,1,1,Real Bed,
71,7021702,Apartment,Private room,2,1,1,1,Real Bed,
72,7680439,House,Private room,2,1,1,1,Pull-out Sofa,
73,4258515,Apartment,Private room,4,1,1,4,Real Bed,
74,1148517,House,Entire home/apt,4,1,2,2,Real Bed,
75,2487892,House,Private room,2,1,1,1,Futon,
76,3038772,House,Private room,2,1,1,1,Real Bed,
77,699460,House,Private room,4,1,1,2,Real Bed,
78,4085439,House,Private room,2,1,1,1,Real Bed,
79,8053990,House,Private room,2,1,1,1,Real Bed,
80,7011773,House,Private room,1,1,1,1,Pull-out Sofa,
81,2467550,House,Entire home/apt,4,1,0,2,Real Bed,
82,2686374,House,Entire home/apt,6,1,3,4,Real Bed,
83,1956274,Apartment,Entire home/apt,2,1.5,1,1,Real Bed,
84,8537192,House,Private room,2,0.5,1,1,Real Bed,
85,5919096,Apartment,Entire home/apt,4,1,1,3,Real Bed,
86,6516529,Apartment,Entire home/apt,2,1,1,1,Real Bed,
87,3294243,Apartment,Entire home/apt,4,2,2,2,Real Bed,
88,10210971,Townhouse,Private room,1,1,1,1,Real Bed,
89,3584790,Apartment,Entire home/apt,6,1,2,3,Real Bed,
90,1266459,Apartment,Entire home/apt,2,1.5,1,1,Real Bed,
91,9098059,Bungalow,Entire home/apt,4,1,1,3,Real Bed,
92,408526,House,Entire home/apt,7,4,3,3,Real Bed,
93,4118282,House,Entire home/apt,5,1.5,2,2,Real Bed,
94,6813483,Apartment,Entire home/apt,2,1,1,1,Real Bed,
95,6590264,Apartment,Entire home/apt,4,1,1,2,Real Bed,
96,2650482,Apartment,Entire home/apt,4,2,2,2,Real Bed,
97,20927,Cabin,Entire home/apt,2,1,1,1,Futon,400
98,4395578,House,Entire home/apt,8,2.5,3,5,Real Bed,
99,4995903,House,Entire home/apt,1,1,0,1,Real Bed,
100,5549211,Apartment,Entire home/apt,4,1,1,2,Real Bed,
101,8240758,Apartment,Entire home/apt,2,1,1,1,Real Bed,
102,6856295,House,Private room,2,1,1,1,Real Bed,
103,6881188,House,Entire home/apt,6,2.5,3,4,Real Bed,
104,1579615,House,Entire home/apt,3,1,1,2,Real Bed,485
105,3766866,Condominium,Entire home/apt,2,1,1,1,Real Bed,
106,2406966,Apartment,Entire home/apt,5,1,2,4,Real Bed,
107,4872699,House,Entire home/apt,6,1.5,3,4,Real Bed,
108,5470629,Apartment,Entire home/apt,2,1,1,1,Real Bed,
109,2950213,Apartment,Entire home/apt,4,1,1,1,Real Bed,
110,9015088,Apartment,Entire home/apt,5,2,2,2,Real Bed,
111,3979496,House,Private room,2,1,1,1,Futon,
112,7501919,Apartment,Entire home/apt,2,1,1,2,Real Bed,
113,4732995,Apartment,Entire home/apt,3,1,1,1,Real Bed,
114,7134759,Townhouse,Private room,2,1,1,1,Real Bed,
115,4532538,House,Entire home/apt,5,3,3,5,Real Bed,
116,7534398,Apartment,Private room,3,1,1,1,Real Bed,
117,9387189,Apartment,Entire home/apt,3,1,0,1,Real Bed,
118,6337492,Apartment,Entire home/apt,2,1,1,1,Real Bed,
119,10231701,Townhouse,Private room,2,1.5,1,1,Real Bed,
120,1609922,House,Entire home/apt,5,1.5,2,2,Real Bed,
121,4236723,House,Entire home/apt,6,1.5,2,3,Real Bed,
122,7843837,Apartment,Entire home/apt,4,1,1,1,Real Bed,
123,3076065,House,Entire home/apt,5,3,2,2,Real Bed,
124,6423204,House,Entire home/apt,3,1,2,2,Real Bed,
125,8338849,House,Private room,2,1,1,1,Real Bed,
126,6401209,House,Entire home/apt,8,2.5,4,5,Real Bed,
127,20928,House,Entire home/apt,2,1,1,1,Futon,
128,3344977,House,Private room,2,1,1,1,Real Bed,
129,7604621,Townhouse,Entire home/apt,2,1,0,1,Real Bed,
130,3303978,House,Entire home/apt,2,1,1,1,Futon,
131,7067082,Loft,Private room,3,1,1,1,Real Bed,
132,3121829,House,Entire home/apt,4,2.5,3,2,Real Bed,
133,2539881,Apartment,Entire home/apt,2,1,1,1,Real Bed,
134,3678718,Apartment,Entire home/apt,2,1,0,1,Real Bed,
135,4694479,House,Private room,2,1,1,1,Real Bed,
136,6646843,Apartment,Entire home/apt,4,1,1,2,Real Bed,
137,1364440,Apartment,Private room,1,1,1,1,Futon,
138,1781873,Apartment,Entire home/apt,2,1,1,1,Real Bed,
139,4138423,House,Entire home/apt,4,1,1,1,Real Bed,
140,5562674,House,Entire home/apt,4,1,2,2,Real Bed,
141,1789341,House,Entire home/apt,2,1,1,1,Real Bed,
142,4672934,House,Entire home/apt,10,2.5,3,5,Real Bed,
143,4550099,House,Entire home/apt,6,3,3,3,Real Bed,
144,1198799,House,Private room,2,1.5,1,1,Real Bed,
145,5308429,House,Private room,2,1,1,1,Real Bed,
146,2769088,House,Entire home/apt,4,1,2,2,Real Bed,
147,7603135,House,Entire home/apt,4,1,2,2,Real Bed,
148,9374365,House,Private room,2,1.5,1,1,Real Bed,
149,6106498,House,Private room,2,1,1,1,Real Bed,
150,9331449,Townhouse,Private room,2,1.5,1,1,Real Bed,
151,8799162,House,Private room,2,1,1,1,Real Bed,
152,4317390,House,Entire home/apt,8,1,2,6,Real Bed,
153,3884851,Apartment,Private room,2,1,1,1,Real Bed,
154,3155785,Apartment,Private room,1,2,1,1,Real Bed,
155,9368517,House,Entire home/apt,4,2,3,3,Real Bed,
156,5643240,Apartment,Entire home/apt,2,1,1,1,Real Bed,
157,5042014,House,Private room,1,1,1,1,Pull-out Sofa,
158,7724630,Apartment,Private room,2,1,1,1,Futon,
159,9449437,Townhouse,Entire home/apt,8,2.5,4,4,Real Bed,
160,3053237,House,Entire home/apt,2,1,1,1,Real Bed,
161,8132347,House,Entire home/apt,8,2,2,4,Real Bed,
162,63733,Apartment,Entire home/apt,2,1,1,1,Real Bed,
163,2039149,House,Entire home/apt,10,2,3,3,Real Bed,
164,227636,Apartment,Entire home/apt,3,1,1,2,Real Bed,800
165,3689119,House,Entire home/apt,2,1,0,1,Real Bed,
166,1179538,House,Private room,4,1.5,1,2,Real Bed,
167,6823781,House,Entire home/apt,3,1,1,3,Real Bed,
168,2284536,House,Entire home/apt,4,1,1,1,Real Bed,
169,5143441,Apartment,Entire home/apt,4,1,1,3,Real Bed,
170,5749958,House,Entire home/apt,6,1,2,3,Real Bed,
171,9116815,Apartment,Entire home/apt,4,1,2,2,Real Bed,
172,7731836,Apartment,Entire home/apt,4,1,1,2,Real Bed,
173,10262971,House,Private room,2,1,1,1,Real Bed,
174,1407502,House,Private room,1,1,1,1,Real Bed,
175,8817038,Apartment,Entire home/apt,4,1,2,2,Real Bed,
176,4449303,House,Private room,2,1,1,1,Real Bed,
177,8255615,Apartment,Entire home/apt,3,1,1,1,Real Bed,
178,4053092,House,Private room,2,1,1,1,Real Bed,
179,6886633,Camper/RV,Entire home/apt,2,1,0,1,Pull-out Sofa,
180,8820414,Apartment,Entire home/apt,3,1,2,2,Real Bed,
181,3052151,House,Private room,2,1,1,1,Real Bed,
182,2339333,House,Entire home/apt,8,3.5,4,4,Real Bed,
183,1618842,Apartment,Entire home/apt,4,1,0,1,Real Bed,450
184,888967,House,Private room,2,1,1,1,Real Bed,
185,380950,House,Entire home/apt,12,2,4,5,Real Bed,
186,8097708,House,Entire home/apt,6,1.5,3,3,Real Bed,
187,5671843,House,Private room,2,1,1,1,Real Bed,
188,904057,House,Entire home/apt,3,1,1,1,Real Bed,
189,7161725,Townhouse,Private room,3,1,1,2,Real Bed,
190,9587410,House,Private room,3,1,1,2,Real Bed,
191,9202380,Apartment,Entire home/apt,4,1,1,1,Real Bed,
192,2238105,House,Entire home/apt,2,1,1,1,Real Bed,
193,9545766,House,Private room,2,1,1,2,Real Bed,
194,2441908,House,Entire home/apt,5,1,1,3,Real Bed,
195,9367465,House,Entire home/apt,4,1,1,2,Real Bed,
196,3031415,House,Entire home/apt,8,2,3,3,Real Bed,
197,843812,House,Entire home/apt,6,2,3,3,Real Bed,1
198,3835995,House,Entire home/apt,2,1,1,1,Real Bed,
199,9732638,Townhouse,Entire home/apt,5,3,2,2,Real Bed,
200,3768745,House,Private room,2,1,1,1,Real Bed,
201,3975434,Apartment,Private room,2,1,1,1,Real Bed,
202,5620928,Apartment,Private room,2,1,1,1,Real Bed,
203,7381677,Apartment,Entire home/apt,2,1,1,1,Real Bed,
204,5487934,Apartment,Private room,2,1,1,1,Real Bed,
205,9028447,Apartment,Entire home/apt,2,1,1,1,Real Bed,
206,757840,House,Entire home/apt,6,2.5,3,4,Real Bed,1800
207,8848403,Apartment,Shared room,2,1,1,1,Pull-out Sofa,
208,7430926,Apartment,Entire home/apt,4,1,1,1,Real Bed,
209,7021544,Apartment,Entire home/apt,4,1,1,2,Real Bed,
210,1323446,Apartment,Entire home/apt,5,1,1,4,Real Bed,
211,3925573,Apartment,Entire home/apt,4,1,1,1,Real Bed,
212,8723086,Apartment,Entire home/apt,4,1,1,2,Real Bed,
213,781474,Boat,Entire home/apt,1,1,1,1,Real Bed,300
214,9812439,Apartment,Entire home/apt,4,1,1,2,Real Bed,
215,3401644,Apartment,Entire home/apt,4,1,1,2,Real Bed,
216,10036903,Apartment,Entire home/apt,3,1,1,1,Real Bed,
217,5310193,House,Entire home/apt,6,2,3,3,Real Bed,
218,5308875,Apartment,Entire home/apt,2,1,1,1,Real Bed,
219,5052459,Apartment,Entire home/apt,2,1.5,1,1,Real Bed,
220,7228499,House,Entire home/apt,10,2,2,5,Real Bed,
221,7651653,Apartment,Entire home/apt,2,1,1,1,Real Bed,
222,1494986,Apartment,Entire home/apt,4,1.5,1,2,Real Bed,
223,1783382,Apartment,Entire home/apt,2,1,1,1,Real Bed,
224,7513198,Condominium,Entire home/apt,4,2,2,1,Real Bed,
225,8308316,Apartment,Entire home/apt,4,1,2,3,Real Bed,
226,9694921,House,Entire home/apt,5,2,3,3,Real Bed,
227,2472850,Apartment,Entire home/apt,4,1,1,2,Real Bed,
228,5487522,Apartment,Entire home/apt,4,2,2,2,Real Bed,
229,4016650,House,Private room,2,1.5,1,1,Real Bed,
230,10229434,Apartment,Entire home/apt,4,1,1,1,Real Bed,
231,3479241,Apartment,Private room,2,1,1,1,Real Bed,
232,5848400,House,Entire home/apt,8,1.5,3,5,Real Bed,
233,6077760,House,Private room,2,1.5,1,1,Real Bed,
234,4642956,Apartment,Entire home/apt,2,1,1,1,Real Bed,
235,1167507,Apartment,Entire home/apt,4,1,1,2,Real Bed,500
236,6044106,Apartment,Entire home/apt,4,1,1,2,Real Bed,
237,1799255,House,Private room,2,1,1,1,Real Bed,
238,8941768,Apartment,Entire home/apt,2,1,1,1,Real Bed,
239,6569950,Apartment,Entire home/apt,2,1,1,1,Real Bed,
240,7733192,House,Entire home/apt,8,3.5,3,3,Real Bed,
241,9215782,Condominium,Entire home/apt,4,2,2,2,Real Bed,
242,5175631,Apartment,Entire home/apt,4,1.5,2,2,Real Bed,
243,6315614,Apartment,Entire home/apt,4,1,1,2,Real Bed,
244,9134193,Apartment,Entire home/apt,2,1,0,1,Real Bed,
245,2481189,House,Entire home/apt,6,2,3,4,Real Bed,
246,8535897,House,Private room,2,1,1,1,Real Bed,
247,9476826,Condominium,Private room,1,1,1,1,Real Bed,
248,3144311,Apartment,Entire home/apt,2,1,1,1,Real Bed,
249,9370007,Apartment,Entire home/apt,2,1,1,1,Real Bed,
250,6781308,Apartment,Entire home/apt,4,1,1,2,Real Bed,
251,160222,Apartment,Entire home/apt,2,1,1,1,Real Bed,
252,4250367,House,Entire home/apt,7,4,3,3,Real Bed,
253,8755479,Apartment,Entire home/apt,4,2,2,2,Real Bed,
254,8829156,Apartment,Entire home/apt,4,1,1,2,Real Bed,
255,5126077,Apartment,Private room,2,1,1,1,Real Bed,
256,6108796,Apartment,Entire home/apt,4,1,1,2,Real Bed,
257,2692126,Apartment,Entire home/apt,2,1,1,1,Real Bed,
258,6882211,House,Entire home/apt,2,1,1,1,Real Bed,
259,9573675,Apartment,Entire home/apt,5,2.5,2,2,Real Bed,
260,3544953,Apartment,Private room,2,1,1,1,Real Bed,
261,2020505,House,Entire home/apt,2,1,1,1,Real Bed,
262,5580457,Apartment,Entire home/apt,2,1,1,2,Real Bed,
263,1495271,House,Entire home/apt,6,2,3,3,Real Bed,
264,8455865,House,Entire home/apt,6,3.5,4,4,Real Bed,
265,9679300,Apartment,Private room,2,1,1,1,Real Bed,
266,6065566,House,Entire home/apt,6,1.5,3,3,Real Bed,
267,4645208,House,Entire home/apt,8,3,4,5,Real Bed,
268,6115807,House,Entire home/apt,8,2,3,4,Real Bed,
269,7091397,Bungalow,Entire home/apt,3,1,1,2,Real Bed,
270,6134153,Apartment,Entire home/apt,4,1,2,3,Real Bed,
271,7763878,Apartment,Entire home/apt,4,2,2,2,Real Bed,
272,8088447,Apartment,Entire home/apt,3,1,1,1,Real Bed,
273,3418349,Apartment,Entire home/apt,2,1,1,1,Real Bed,
274,9199982,Apartment,Entire home/apt,3,1,1,1,Real Bed,
275,6400000,Apartment,Entire home/apt,4,1,1,1,Real Bed,
276,6776229,Apartment,Entire home/apt,4,1,1,2,Real Bed,
277,7627794,Loft,Entire home/apt,4,1,1,2,Real Bed,
278,8374102,Apartment,Entire home/apt,4,1,1,1,Real Bed,
279,6316934,Apartment,Entire home/apt,4,1,1,2,Real Bed,
280,1820794,Apartment,Entire home/apt,2,1,0,1,Real Bed,600
281,314180,House,Entire home/apt,5,1.5,3,3,Real Bed,
282,8670079,House,Entire home/apt,5,2,3,3,Real Bed,
283,4868135,Apartment,Entire home/apt,6,1,2,3,Real Bed,
284,5336585,Loft,Entire home/apt,2,1,0,1,Real Bed,
285,1427103,Apartment,Entire home/apt,3,1,1,2,Real Bed,
286,3518808,Apartment,Entire home/apt,2,1,1,1,Real Bed,
287,8995844,House,Entire home/apt,6,2,3,2,Real Bed,
288,356566,House,Private room,2,2,1,1,Real Bed,
289,6466388,House,Private room,2,1,1,1,Real Bed,
290,4531944,House,Entire home/apt,2,1,1,1,Real Bed,
291,6686072,Apartment,Entire home/apt,4,1,1,1,Real Bed,
292,4384343,Apartment,Entire home/apt,2,1,1,1,Real Bed,
293,7900056,House,Entire home/apt,8,2,4,4,Real Bed,
294,6378563,House,Entire home/apt,6,1.5,2,3,Real Bed,
295,5630783,House,Entire home/apt,4,1,0,2,Real Bed,
296,340706,Apartment,Entire home/apt,4,1,1,1,Real Bed,
297,6202214,Apartment,Entire home/apt,2,1,1,2,Real Bed,
298,1030411,House,Entire home/apt,4,2,2,2,Real Bed,2100
299,7922373,House,Entire home/apt,4,1,0,2,Real Bed,
300,6156470,House,Private room,2,1,1,1,Real Bed,
301,2994309,Apartment,Entire home/apt,6,1,2,3,Real Bed,
302,1594328,House,Entire home/apt,6,1,2,3,Real Bed,
303,8072920,Apartment,Entire home/apt,2,1,0,1,Real Bed,
304,6915487,House,Entire home/apt,4,1,2,2,Real Bed,
305,6202603,Apartment,Entire home/apt,4,1,1,1,Real Bed,
306,5286781,Apartment,Entire home/apt,3,1,1,2,Real Bed,
307,2818420,House,Entire home/apt,4,1,1,2,Real Bed,
308,3739681,House,Entire home/apt,4,1,2,2,Real Bed,
309,7922063,Apartment,Shared room,2,1,1,1,Airbed,
310,611509,House,Private room,2,1,1,1,Real Bed,
311,1802663,House,Entire home/apt,4,1,1,2,Real Bed,
312,9797545,House,Private room,1,1,1,1,Real Bed,
313,9241055,House,Entire home/apt,6,1,3,3,Real Bed,
314,9294832,Apartment,Private room,2,1,1,2,Real Bed,
315,8643209,Apartment,Private room,2,1.5,1,1,Real Bed,
316,7258811,House,Shared room,1,1,1,1,Real Bed,
317,10265391,Apartment,Entire home/apt,2,1,1,1,Real Bed,
318,132120,Apartment,Entire home/apt,4,1,1,1,Real Bed,
319,6343866,Apartment,Entire home/apt,4,1,2,3,Real Bed,
320,3066740,Boat,Entire home/apt,6,3,3,3,Real Bed,
321,4130112,House,Entire home/apt,6,1.5,3,4,Real Bed,
322,4026757,House,Private room,2,2,1,1,Real Bed,
323,9545281,Apartment,Entire home/apt,2,1,1,1,Futon,
324,3294804,Apartment,Entire home/apt,4,1,1,1,Real Bed,
325,4122325,House,Entire home/apt,5,2,3,3,Real Bed,
326,8308353,House,Private room,2,1,1,1,Real Bed,
327,7226013,Apartment,Private room,2,1,1,1,Futon,
328,5761290,House,Entire home/apt,4,1,2,2,Real Bed,
329,182716,House,Private room,2,1,1,1,Real Bed,
330,3050140,Apartment,Entire home/apt,2,1,1,1,Real Bed,
331,3254956,Apartment,Entire home/apt,2,1,1,1,Real Bed,
332,1264287,House,Entire home/apt,12,2,5,6,Real Bed,
333,3404557,House,Shared room,1,1,1,1,Real Bed,
334,3939683,House,Shared room,1,1,1,1,Real Bed,
335,3424242,House,Shared room,1,1,1,1,Real Bed,
336,7985714,House,Shared room,1,1,1,1,Real Bed,
337,4279876,Apartment,Entire home/apt,4,1,2,2,Real Bed,
338,3870253,Apartment,Entire home/apt,6,1,2,4,Real Bed,
339,2187563,House,Entire home/apt,6,1,2,4,Real Bed,
340,3889299,House,Shared room,1,1,1,1,Real Bed,
341,3889330,House,Shared room,1,1,1,1,Real Bed,
342,1184846,Apartment,Entire home/apt,2,1,1,1,Real Bed,
343,3626162,House,Entire home/apt,4,1,1,2,Real Bed,
344,456040,House,Private room,2,1,1,1,Real Bed,
345,9033154,House,Entire home/apt,7,3,4,5,Real Bed,
346,4340838,House,Entire home/apt,2,1,0,1,Real Bed,
347,808811,House,Entire home/apt,6,1,2,3,Real Bed,1000
348,7368030,Apartment,Entire home/apt,2,1,1,1,Real Bed,
349,522287,House,Private room,3,1,1,3,Real Bed,
350,1940787,House,Entire home/apt,5,1,2,2,Real Bed,
351,3732103,House,Shared room,1,1,1,1,Real Bed,
352,43373,House,Private room,2,2,1,2,Real Bed,
353,5126365,House,Private room,2,1,1,1,Real Bed,
354,7182584,House,Entire home/apt,5,1,2,3,Real Bed,
355,5325214,House,Entire home/apt,3,1,0,1,Real Bed,
356,2710274,House,Private room,2,1,1,1,Real Bed,
357,5128160,House,Entire home/apt,8,3,4,5,Real Bed,
358,3424114,House,Shared room,1,1,1,1,Real Bed,
359,2776890,House,Entire home/apt,2,1,1,1,Real Bed,
360,4521755,Apartment,Entire home/apt,4,1,1,2,Real Bed,
361,3456599,Apartment,Entire home/apt,4,1,1,1,Real Bed,
362,8207848,Apartment,Entire home/apt,4,1,2,2,Real Bed,
363,10249527,Apartment,Private room,3,1,1,1,Airbed,
364,1252740,House,Private room,2,1.5,1,1,Real Bed,
365,4250938,House,Entire home/apt,6,1,2,4,Real Bed,
366,3791920,House,Entire home/apt,4,1,1,2,Real Bed,
367,4258762,Apartment,Entire home/apt,2,1,1,1,Real Bed,
368,7364146,Apartment,Entire home/apt,4,1,1,2,Real Bed,
369,6765045,House,Entire home/apt,7,1,3,4,Real Bed,
370,3193738,House,Entire home/apt,4,1,1,2,Real Bed,
371,8765219,House,Entire home/apt,5,1,1,2,Real Bed,
372,8174285,Apartment,Entire home/apt,2,1,1,1,Real Bed,
373,3403638,House,Shared room,1,1,1,1,Real Bed,
374,7601333,House,Entire home/apt,4,1,2,2,Real Bed,
375,6707735,Apartment,Entire home/apt,2,1,1,1,Real Bed,
376,7322718,House,Entire home/apt,5,1,3,3,Real Bed,
377,3783162,House,Entire home/apt,8,2,3,3,Real Bed,
378,6606,Apartment,Entire home/apt,2,1,1,1,Real Bed,
379,3889280,House,Shared room,1,1,1,1,Real Bed,
380,3971137,Apartment,Entire home/apt,2,1,0,1,Real Bed,
381,3889050,House,Shared room,1,1,1,1,Real Bed,
382,799882,House,Private room,2,1.5,1,1,Pull-out Sofa,2000
383,9508386,House,Entire home/apt,8,2,4,4,Real Bed,
384,6714817,Apartment,Entire home/apt,2,1,1,1,Real Bed,
385,3773700,House,Entire home/apt,4,1.5,3,2,Real Bed,
386,3773568,House,Entire home/apt,6,2.5,2,3,Real Bed,
387,9313974,House,Private room,1,1,1,1,Real Bed,
388,6492880,Apartment,Entire home/apt,3,1,1,1,Real Bed,
389,4879013,Apartment,Entire home/apt,4,1,2,3,Real Bed,
390,3732094,House,Shared room,1,1,1,1,Real Bed,
391,873073,House,Entire home/apt,4,1,2,1,Real Bed,1600
392,234898,House,Entire home/apt,3,1,1,2,Real Bed,
393,8533375,Apartment,Entire home/apt,2,1,1,1,Real Bed,
394,6854019,House,Entire home/apt,8,3.5,3,3,Real Bed,
395,8418650,Apartment,Entire home/apt,4,1,2,3,Real Bed,
396,3732076,House,Shared room,1,1,1,1,Real Bed,
397,4608592,House,Entire home/apt,6,1,2,4,Real Bed,
398,4862719,House,Private room,2,1,1,1,Real Bed,
399,668169,House,Private room,3,1,1,2,Real Bed,
400,429453,House,Private room,2,2.5,1,1,Real Bed,
401,10124808,House,Private room,2,1,1,2,Real Bed,
402,7459684,House,Entire home/apt,6,1,2,2,Real Bed,
403,5992645,House,Entire home/apt,4,1,2,2,Real Bed,
404,7917718,House,Private room,2,1,1,1,Real Bed,
405,2986056,House,Shared room,1,1,1,1,Real Bed,
406,2011193,House,Entire home/apt,7,2,3,5,Real Bed,
407,3768626,House,Entire home/apt,2,1,0,1,Real Bed,
408,2026794,House,Private room,2,1,1,1,Real Bed,
409,9154294,House,Entire home/apt,4,1,1,1,Real Bed,
410,430610,House,Entire home/apt,8,3,3,3,Real Bed,
411,3231850,Loft,Entire home/apt,3,1,0,2,Real Bed,
412,2976798,House,Private room,2,1,1,1,Real Bed,
413,703058,House,Entire home/apt,4,1,2,2,Real Bed,1200
414,7826541,Apartment,Entire home/apt,2,1,1,1,Real Bed,
415,240920,House,Private room,3,1,1,2,Real Bed,
416,6655233,House,Private room,3,1,1,2,Real Bed,
417,9866461,Apartment,Private room,2,1,1,2,Real Bed,
418,7957729,House,Entire home/apt,5,2.5,2,3,Real Bed,
419,1428687,Apartment,Entire home/apt,4,1,1,1,Real Bed,
420,4803403,Apartment,Entire home/apt,2,1,1,1,Real Bed,
421,11012,House,Entire home/apt,8,2,3,3,Real Bed,
422,3888924,House,Shared room,1,1,1,1,Real Bed,
423,8842808,House,Entire home/apt,5,1,2,2,Real Bed,
424,1114695,House,Entire home/apt,8,2.5,3,3,Airbed,1600
425,1715582,House,Private room,2,1.5,1,1,Real Bed,
426,6704734,House,Entire home/apt,4,1,1,2,Real Bed,
427,8555098,House,Private room,2,1,1,1,Real Bed,
428,1214316,House,Private room,2,1,1,1,Real Bed,
429,7325455,Bungalow,Entire home/apt,2,1,0,1,Real Bed,
430,6325685,House,Entire home/apt,3,1,0,1,Real Bed,
431,9596,Apartment,Entire home/apt,6,1,1,6,Real Bed,
432,9568491,Apartment,Shared room,2,1,1,1,Couch,
433,1747184,House,Entire home/apt,12,3,6,6,Real Bed,
434,8653843,Apartment,Private room,2,1,1,1,Real Bed,
435,6727729,House,Entire home/apt,6,1,2,2,Real Bed,
436,3888986,House,Shared room,1,1,1,1,Real Bed,
437,4135710,House,Entire home/apt,2,1,1,2,Real Bed,
438,3652434,House,Private room,2,1,1,1,Real Bed,
439,7667990,Apartment,Entire home/apt,2,1,1,1,Real Bed,
440,4047058,House,Private room,2,2,1,1,Real Bed,
441,7163934,House,Private room,2,1,1,1,Real Bed,
442,7717478,House,Entire home/apt,8,1,4,3,Real Bed,
443,4653552,Apartment,Entire home/apt,5,1,2,3,Real Bed,
444,6915439,House,Private room,2,1,1,1,Real Bed,
445,506542,Apartment,Entire home/apt,4,1,0,2,Real Bed,750
446,4046863,House,Private room,2,2,1,1,Real Bed,
447,3915826,Apartment,Entire home/apt,3,1,1,1,Real Bed,
448,4787415,House,Entire home/apt,4,2,3,3,Real Bed,
449,1602488,House,Private room,4,1,1,2,Real Bed,
450,8459215,House,Private room,2,1,1,1,Real Bed,
451,10274175,Apartment,Private room,2,1,1,1,Real Bed,
452,9167786,House,Private room,2,1,1,1,Real Bed,
453,5686435,House,Entire home/apt,6,2.5,3,2,Real Bed,
454,7939058,House,Private room,2,1,1,1,Real Bed,
455,8392801,House,Entire home/apt,4,1,2,2,Real Bed,
456,7404370,House,Entire home/apt,2,1,1,1,Real Bed,
457,3720511,House,Entire home/apt,5,3,3,3,Real Bed,
458,8193332,Apartment,Entire home/apt,4,1,1,1,Real Bed,
459,7957904,Apartment,Entire home/apt,2,1,1,1,Real Bed,
460,4555997,Apartment,Entire home/apt,4,1,0,2,Real Bed,
461,2267088,Apartment,Entire home/apt,5,1,2,3,Real Bed,1200
462,108468,House,Entire home/apt,9,3,4,5,Real Bed,3000
463,6400379,House,Private room,2,1,1,1,Real Bed,
464,5948003,Condominium,Private room,2,1,1,1,Real Bed,
465,5058086,Apartment,Entire home/apt,2,1,0,1,Real Bed,
466,1209255,House,Entire home/apt,6,2,3,3,Real Bed,
467,1914051,Apartment,Entire home/apt,2,1,1,1,Real Bed,
468,2923529,Apartment,Entire home/apt,3,1,1,1,Real Bed,
469,1027860,House,Entire home/apt,5,2,2,4,Real Bed,
470,2373176,Apartment,Entire home/apt,2,1,1,1,Real Bed,
471,6404427,House,Entire home/apt,4,1,2,2,Real Bed,
472,8517602,House,Private room,2,1.5,1,1,Real Bed,
473,7035240,House,Entire home/apt,8,1.5,3,5,Real Bed,
474,4583161,House,Private room,2,1,1,1,Real Bed,
475,7967844,House,Entire home/apt,4,1,2,2,Real Bed,
476,6562393,House,Entire home/apt,6,2,2,2,Real Bed,
477,7807087,House,Entire home/apt,4,1,2,3,Real Bed,
478,5405643,House,Entire home/apt,7,1,3,3,Real Bed,
479,7011200,Apartment,Entire home/apt,2,1,1,1,Real Bed,
480,610989,Bed & Breakfast,Private room,2,1,1,1,Real Bed,
481,7839535,House,Private room,2,1,1,1,Real Bed,
482,4814894,Apartment,Entire home/apt,4,1,2,2,Real Bed,
483,186328,House,Entire home/apt,6,3,3,2,Real Bed,
484,7492877,House,Entire home/apt,4,1,2,2,Real Bed,
485,6576228,Condominium,Entire home/apt,5,1,2,2,Real Bed,
486,241016,House,Entire home/apt,4,1,2,3,Real Bed,
487,6968101,Apartment,Entire home/apt,5,1,2,2,Real Bed,
488,5648564,Apartment,Entire home/apt,4,1.5,2,4,Real Bed,
489,4116645,Apartment,Entire home/apt,3,1,1,2,Futon,
490,2419879,House,Entire home/apt,6,2,3,3,Real Bed,
491,6425735,Apartment,Private room,1,1,1,1,Real Bed,
492,8105351,House,Entire home/apt,4,1,2,2,Real Bed,
493,9136499,Townhouse,Private room,1,1,1,1,Real Bed,
494,3639023,Townhouse,Private room,2,1.5,1,1,Real Bed,
495,6724599,Apartment,Entire home/apt,3,1,1,1,Real Bed,
496,4211629,Apartment,Entire home/apt,4,1,2,2,Real Bed,
497,7151924,House,Entire home/apt,2,1,1,1,Real Bed,
498,704764,Apartment,Entire home/apt,4,1,2,2,Real Bed,
499,1796217,House,Entire home/apt,8,2.5,3,4,Real Bed,
500,4661812,Apartment,Entire home/apt,6,1,2,2,Real Bed,
501,8811945,House,Entire home/apt,4,1,2,2,Real Bed,
502,1090307,House,Private room,2,1,1,1,Real Bed,
503,15108,House,Private room,2,1.5,1,1,Real Bed,140
504,1882316,House,Entire home/apt,6,3,3,3,Real Bed,
505,1095207,House,Entire home/apt,7,3,3,3,Real Bed,
506,1343805,House,Entire home/apt,4,2,3,1,Real Bed,
507,9217150,Apartment,Entire home/apt,2,1,0,1,Real Bed,
508,103920,House,Entire home/apt,4,1,2,2,Real Bed,
509,2215336,Apartment,Entire home/apt,5,1,2,2,Real Bed,
510,1483944,House,Private room,3,1,1,1,Real Bed,
511,6466129,House,Entire home/apt,4,1,1,2,Real Bed,
512,8536441,Apartment,Entire home/apt,4,1,1,2,Real Bed,
513,6262987,House,Private room,4,1,1,2,Real Bed,
514,8379081,House,Private room,4,1,1,1,Real Bed,
515,8365938,Apartment,Private room,2,1,1,1,Real Bed,
516,9921445,Apartment,Entire home/apt,4,1,1,1,Real Bed,
517,132160,Apartment,Entire home/apt,6,1,2,3,Real Bed,
518,2033191,Apartment,Entire home/apt,4,1,2,2,Real Bed,
519,8849407,Apartment,Private room,2,1,1,1,Real Bed,
520,9922335,Apartment,Entire home/apt,4,1,2,3,Real Bed,
521,7243974,House,Entire home/apt,5,1,2,3,Real Bed,
522,6490453,House,Private room,2,1,1,1,Real Bed,
523,4025593,Apartment,Private room,2,1,1,1,Real Bed,
524,8556103,House,Entire home/apt,2,1,1,1,Real Bed,
525,955506,House,Entire home/apt,4,1,2,2,Real Bed,950
526,9868607,Townhouse,Entire home/apt,4,1.5,2,3,Real Bed,
527,8668073,House,Entire home/apt,5,2,2,3,Real Bed,
528,790860,Apartment,Entire home/apt,7,1,3,1,Real Bed,
529,261912,House,Entire home/apt,4,1,2,2,Real Bed,
530,368403,House,Entire home/apt,12,3,6,6,Real Bed,
531,9878971,House,Entire home/apt,7,2,3,5,Real Bed,
532,5602370,Apartment,Entire home/apt,2,1,1,1,Real Bed,
533,9395217,Apartment,Entire home/apt,2,1,0,1,Real Bed,
534,7331079,House,Entire home/apt,4,1,3,3,Real Bed,
535,580182,House,Entire home/apt,6,1.5,3,3,Real Bed,
536,8152191,House,Private room,2,1,1,1,Real Bed,
537,103908,House,Entire home/apt,2,1,1,1,Real Bed,
538,783061,House,Private room,2,1.5,1,1,Real Bed,2000
539,7901725,House,Entire home/apt,8,2.5,3,5,Real Bed,
540,4968752,House,Entire home/apt,5,1.5,2,2,Real Bed,
541,14386,House,Private room,2,1.5,1,1,Futon,
542,7517215,House,Private room,4,1,1,2,Real Bed,
543,1602421,House,Private room,2,1.5,1,1,Real Bed,
544,3821822,Apartment,Entire home/apt,3,1,1,2,Real Bed,
545,6073437,Apartment,Entire home/apt,2,1,0,1,Real Bed,
546,7917700,House,Private room,2,1,1,2,Real Bed,
547,6278181,House,Entire home/apt,6,1,3,3,Real Bed,
548,4279578,Apartment,Entire home/apt,2,1,1,1,Real Bed,
549,9907337,Apartment,Entire home/apt,4,1,2,2,Real Bed,
550,1796861,House,Entire home/apt,6,1.5,3,3,Real Bed,
551,4211836,House,Private room,2,1,1,1,Real Bed,
552,4025954,Apartment,Entire home/apt,2,1,1,1,Real Bed,
553,6154478,House,Entire home/apt,2,1.5,1,1,Real Bed,
554,84030,House,Private room,4,1,1,2,Real Bed,
555,4235559,House,Entire home/apt,8,2,3,2,Real Bed,
556,830948,Apartment,Private room,2,1,1,1,Real Bed,
557,3468261,Apartment,Entire home/apt,2,1,1,1,Real Bed,
558,10026648,Apartment,Entire home/apt,1,1,1,1,Couch,
559,9117633,Condominium,Entire home/apt,4,2,2,2,Real Bed,
560,9158383,Apartment,Private room,1,1,1,1,Real Bed,
561,1145590,Apartment,Entire home/apt,5,2,2,2,Real Bed,
562,5020848,Boat,Private room,2,2,1,2,Real Bed,
563,9600159,Apartment,Entire home/apt,6,2,2,3,Real Bed,
564,3522409,House,Entire home/apt,4,1,1,2,Real Bed,
565,9492873,Apartment,Entire home/apt,2,1,0,1,Real Bed,
566,5534463,Boat,Entire home/apt,8,4,4,6,Real Bed,
567,9409233,House,Entire home/apt,4,1,1,2,Real Bed,
568,9531265,Boat,Entire home/apt,4,2,2,3,Real Bed,
569,5364609,Apartment,Entire home/apt,2,1,1,1,Real Bed,
570,6629132,Townhouse,Private room,3,1,1,1,Real Bed,
571,5489676,Apartment,Entire home/apt,4,1,2,2,Real Bed,
572,9347157,Apartment,Private room,2,1,1,1,Real Bed,
573,10035644,Apartment,Entire home/apt,2,1,1,1,Real Bed,
574,8293287,House,Private room,2,1,1,1,Real Bed,
575,910784,House,Entire home/apt,5,1,2,2,Real Bed,
576,7071222,Townhouse,Entire home/apt,5,2,2,2,Real Bed,
577,8687716,House,Entire home/apt,6,3.5,3,3,Real Bed,
578,7430679,Townhouse,Private room,1,1,1,1,Real Bed,
579,180939,Apartment,Entire home/apt,2,1,1,1,Real Bed,
580,6884604,House,Entire home/apt,2,1,0,1,Real Bed,
581,7397476,Condominium,Entire home/apt,6,2,2,3,Real Bed,
582,1063855,House,Entire home/apt,5,1,2,3,Real Bed,900
583,8865006,Townhouse,Private room,2,1,1,1,Real Bed,
584,8069192,House,Private room,2,1,1,1,Real Bed,
585,2800448,Townhouse,Private room,2,1,1,1,Real Bed,
586,9076287,House,Private room,2,1,1,1,Real Bed,
587,7462439,Apartment,Shared room,2,1,1,1,Futon,
588,8225635,Townhouse,Entire home/apt,11,3.5,4,6,Real Bed,
589,2966415,House,Private room,2,1,1,1,Real Bed,
590,4639465,House,Private room,2,1,1,1,Real Bed,
591,7402190,House,Private room,2,1,1,1,Pull-out Sofa,
592,9448719,House,Private room,2,1,1,1,Real Bed,
593,5670781,House,Entire home/apt,6,2,3,3,Real Bed,
594,1905473,House,Private room,2,1,1,1,Real Bed,
595,7266662,House,Private room,2,1,1,1,Real Bed,
596,9095510,House,Private room,4,1,1,2,Real Bed,
597,7401854,House,Entire home/apt,2,1,1,1,Pull-out Sofa,
598,5174876,House,Entire home/apt,2,1,0,1,Real Bed,
599,1256883,Apartment,Entire home/apt,6,1,2,4,Real Bed,
600,8072850,House,Private room,2,1,1,1,Real Bed,
601,6706377,House,Entire home/apt,4,1.5,1,2,Real Bed,
602,9738522,House,Entire home/apt,15,3,5,9,Real Bed,
603,2995996,House,Entire home/apt,6,2,2,2,Real Bed,
604,6674408,House,Private room,2,1.5,1,1,Real Bed,
605,6801095,Townhouse,Private room,2,2,1,1,Real Bed,
606,143704,House,Entire home/apt,3,1,1,2,Real Bed,
607,9258305,House,Entire home/apt,4,1,2,2,Real Bed,
608,3727017,House,Entire home/apt,4,1,2,2,Real Bed,
609,789966,Apartment,Entire home/apt,2,1,1,1,Real Bed,
610,6864319,House,Entire home/apt,8,2,2,2,Real Bed,
611,1539463,House,Private room,2,1,1,1,Real Bed,
612,9591787,Townhouse,Entire home/apt,9,2.5,3,6,Real Bed,
613,10279830,House,Entire home/apt,5,1,2,2,Real Bed,
614,1956553,House,Entire home/apt,3,1,1,1,Real Bed,
615,7396508,Condominium,Entire home/apt,4,1,1,2,Real Bed,
616,6272065,House,Private room,2,1,1,1,Real Bed,
617,7072218,Apartment,Entire home/apt,3,1,1,1,Real Bed,
618,7075948,Townhouse,Entire home/apt,5,1.5,2,2,Real Bed,
619,7543458,Apartment,Entire home/apt,2,1,1,1,Real Bed,
620,3769336,House,Entire home/apt,2,1,1,1,Real Bed,
621,8666707,Apartment,Entire home/apt,3,1,1,1,Real Bed,
622,7205443,Apartment,Entire home/apt,6,1,2,3,Real Bed,
623,193371,House,Entire home/apt,5,2.5,3,3,Real Bed,
624,9957555,House,Entire home/apt,6,1.5,3,4,Real Bed,
625,6795678,House,Entire home/apt,4,1,1,2,Real Bed,
626,9300972,Apartment,Private room,2,1,1,1,Real Bed,
627,8047522,Townhouse,Entire home/apt,7,1.5,2,5,Real Bed,
628,9457328,Apartment,Entire home/apt,4,1,2,2,Real Bed,
629,6576006,Townhouse,Private room,2,1.5,1,1,Real Bed,
630,7971334,House,Private room,2,1,1,1,Real Bed,
631,1984962,House,Entire home/apt,6,3.5,3,3,Real Bed,1800
632,9292039,Apartment,Entire home/apt,2,1,1,1,Real Bed,
633,6661617,House,Entire home/apt,6,2.5,2,3,Real Bed,
634,8848854,House,Entire home/apt,5,2,2,3,Real Bed,
635,3251069,House,Private room,2,1,1,1,Real Bed,
636,4111137,Apartment,Entire home/apt,4,1,1,2,Real Bed,
637,4760472,Apartment,Entire home/apt,3,1,1,1,Real Bed,
638,8968925,House,Private room,4,2.5,1,2,Real Bed,
639,3293438,Apartment,Entire home/apt,2,1,1,1,Real Bed,
640,9210978,House,Entire home/apt,4,2,2,2,Real Bed,
641,3319386,Apartment,Private room,2,1,1,1,Real Bed,
642,7717813,House,Entire home/apt,4,1,1,2,Real Bed,
643,5578943,House,Private room,2,1,1,1,Real Bed,
644,7660932,Cabin,Private room,1,1,1,1,Real Bed,
645,4271221,House,Private room,2,1,1,1,Real Bed,
646,6358605,Apartment,Private room,2,1,1,1,Real Bed,
647,1439237,House,Private room,2,1,1,1,Real Bed,
648,7775167,House,Private room,2,1,1,1,Real Bed,
649,7437784,House,Private room,2,1,1,1,Pull-out Sofa,
650,9628972,House,Private room,2,1,1,1,Real Bed,
651,8425013,House,Entire home/apt,10,3.5,5,7,Real Bed,
652,6925807,House,Entire home/apt,4,1.5,2,2,Real Bed,
653,7400955,House,Entire home/apt,6,2,3,5,Real Bed,
654,8174389,House,Entire home/apt,5,1,2,2,Real Bed,
655,6292452,House,Entire home/apt,6,3.5,4,5,Real Bed,
656,9095668,Apartment,Entire home/apt,2,1,0,1,Real Bed,
657,413733,House,Entire home/apt,6,1,2,2,Real Bed,
658,8783900,Townhouse,Entire home/apt,7,1.5,0,2,Real Bed,
659,639130,House,Entire home/apt,8,3,4,5,Real Bed,3
660,2484067,House,Private room,3,1,1,2,Real Bed,
661,3533112,Apartment,Entire home/apt,3,1,0,1,Real Bed,
662,2249292,Apartment,Entire home/apt,4,1,2,2,Real Bed,
663,7838294,House,Entire home/apt,5,1,2,3,Real Bed,
664,6133354,Apartment,Entire home/apt,2,1,0,1,Real Bed,
665,7987836,Loft,Entire home/apt,2,1,1,1,Real Bed,
666,9910025,Apartment,Entire home/apt,4,1,2,2,Real Bed,
667,7364024,Townhouse,Entire home/apt,4,1,1,2,Real Bed,
668,9362082,House,Entire home/apt,5,1,2,2,Real Bed,
669,8847108,Other,Entire home/apt,2,1,1,1,Real Bed,
670,7462428,House,Private room,1,1.5,1,1,Real Bed,
671,4370312,Apartment,Entire home/apt,2,1,1,1,Real Bed,
672,4053972,Apartment,Entire home/apt,2,1,1,1,Real Bed,
673,6209191,House,Private room,2,1.5,1,1,Real Bed,
674,10123910,House,Entire home/apt,8,1,4,5,Real Bed,
675,6412858,House,Entire home/apt,6,2.5,3,2,Real Bed,
676,3987838,Apartment,Entire home/apt,2,1,1,1,Real Bed,
677,7027507,House,Private room,1,1,1,1,Real Bed,
678,6587443,House,Private room,4,1,1,1,Real Bed,
679,10204689,Apartment,Entire home/apt,2,1,1,1,Real Bed,
680,1029680,House,Entire home/apt,4,2,3,3,Real Bed,
681,7208439,Apartment,Entire home/apt,4,1,1,2,Real Bed,
682,8327765,House,Entire home/apt,8,3,4,5,Real Bed,
683,3953611,House,Private room,4,1,1,2,Real Bed,
684,2584354,Apartment,Entire home/apt,2,1,1,1,Futon,
685,4574700,House,Entire home/apt,8,3,3,4,Real Bed,
686,5685646,House,Entire home/apt,6,1,2,3,Real Bed,
687,977722,Apartment,Entire home/apt,2,1,1,1,Real Bed,
688,2931922,Apartment,Entire home/apt,5,2,2,2,Real Bed,
689,8253955,House,Entire home/apt,6,1,1,3,Real Bed,
690,6426462,Condominium,Private room,1,1,1,1,Real Bed,
691,8154238,House,Shared room,1,1,1,1,Real Bed,
692,5020861,Apartment,Private room,3,1,1,1,Real Bed,
693,9611409,Other,Private room,2,1,1,1,Pull-out Sofa,
694,9282348,Apartment,Private room,2,0.5,1,1,Futon,
695,8939306,House,Private room,2,1,1,1,Real Bed,
696,5423692,House,Private room,2,1,1,1,Futon,
697,9159975,Townhouse,Private room,2,1.5,1,1,Real Bed,
698,7561272,House,Private room,2,1,1,1,Real Bed,
699,7326419,House,Private room,2,1,1,1,Real Bed,
700,9373607,Apartment,Private room,2,1,1,1,Real Bed,
701,6717555,Apartment,Private room,1,1,1,1,Real Bed,
702,8939433,House,Private room,2,1,1,1,Real Bed,
703,8939503,House,Private room,2,1,1,1,Real Bed,
704,8742753,Apartment,Private room,2,1,1,1,Real Bed,
705,8939687,House,Private room,2,1,1,1,Real Bed,
706,3793406,Apartment,Entire home/apt,2,1,2,2,Real Bed,
707,9134196,Apartment,Entire home/apt,2,1,0,1,Real Bed,
708,6007267,Apartment,Entire home/apt,3,1,1,1,Real Bed,
709,3422894,Apartment,Entire home/apt,2,1,0,1,Futon,
710,3630581,Apartment,Entire home/apt,2,1,0,1,Real Bed,
711,9394508,Apartment,Entire home/apt,4,1,1,2,Real Bed,
712,7348578,House,Private room,3,2,1,1,Real Bed,
713,8869680,Apartment,Entire home/apt,4,1,0,1,Real Bed,
714,7678429,Apartment,Entire home/apt,2,1,1,1,Real Bed,
715,2979387,House,Entire home/apt,10,2,3,7,Real Bed,
716,1531458,Apartment,Entire home/apt,4,1,1,2,Real Bed,
717,1549973,Apartment,Entire home/apt,3,1,1,1,Real Bed,
718,1123977,Apartment,Entire home/apt,4,1,1,2,Real Bed,
719,5719631,Apartment,Entire home/apt,3,1,1,1,Real Bed,
720,9580209,Condominium,Entire home/apt,5,2,2,3,Real Bed,
721,9364220,Apartment,Entire home/apt,2,1,0,1,Real Bed,
722,9663221,Apartment,Entire home/apt,4,1,0,2,Real Bed,
723,9636952,Apartment,Entire home/apt,2,1,0,2,Real Bed,
724,8594059,House,Entire home/apt,5,1,2,2,Real Bed,
725,6278756,Apartment,Private room,2,1,1,1,Real Bed,
726,3679617,Apartment,Entire home/apt,4,1,0,2,Real Bed,
727,9416551,Apartment,Entire home/apt,2,1,0,1,Real Bed,
728,8322107,Apartment,Entire home/apt,2,1,1,1,Real Bed,
729,9511676,Apartment,Private room,1,1,1,1,Real Bed,
730,3158243,Apartment,Entire home/apt,4,1,1,2,Real Bed,
731,8327124,House,Entire home/apt,12,3.5,5,7,Real Bed,
732,4311078,House,Entire home/apt,9,2.5,4,6,Real Bed,
733,3329962,Apartment,Entire home/apt,3,1,1,2,Real Bed,
734,3263071,Apartment,Entire home/apt,4,1,1,2,Real Bed,
735,7302675,Apartment,Entire home/apt,3,1,0,2,Real Bed,
736,6250399,Apartment,Entire home/apt,3,1,0,1,Real Bed,
737,7387294,House,Private room,2,1,1,1,Real Bed,
738,7363462,House,Private room,1,1,1,1,Real Bed,
739,6796336,House,Private room,1,1.5,1,1,Real Bed,
740,8156894,House,Shared room,1,1,1,1,Real Bed,
741,1150519,House,Entire home/apt,7,1.5,3,5,Real Bed,
742,5969872,House,Private room,1,1,1,1,Airbed,
743,9617068,Apartment,Entire home/apt,4,1,1,1,Real Bed,
744,4438188,Apartment,Entire home/apt,3,1,1,1,Real Bed,
745,1521633,Apartment,Entire home/apt,4,1,1,2,Real Bed,
746,6623079,Apartment,Private room,2,1,1,2,Real Bed,
747,7561254,House,Private room,1,1,1,1,Real Bed,
748,3494608,House,Entire home/apt,3,1,1,2,Real Bed,
749,3085726,Apartment,Entire home/apt,2,1,1,1,Real Bed,
750,2256124,Apartment,Entire home/apt,3,1,1,2,Real Bed,
751,7071021,Apartment,Entire home/apt,4,1,0,2,Real Bed,
752,9465815,Apartment,Private room,1,1,1,1,Real Bed,
753,6938103,House,Private room,2,1,1,1,Real Bed,
754,6913414,House,Entire home/apt,6,1,2,2,Real Bed,
755,3706719,Apartment,Entire home/apt,2,1,0,1,Real Bed,
756,8174626,Apartment,Entire home/apt,2,1,1,1,Real Bed,
757,1571230,Apartment,Entire home/apt,3,1,1,1,Real Bed,
758,4270642,Apartment,Entire home/apt,2,1,0,1,Real Bed,
759,5407311,Apartment,Entire home/apt,4,1,1,2,Real Bed,
760,9976135,Apartment,Private room,1,1,1,1,Real Bed,
761,9558353,Apartment,Entire home/apt,2,1,0,1,Real Bed,
762,7247767,House,Private room,2,1,1,1,Real Bed,
763,7035077,House,Private room,1,1,1,1,Futon,
764,7353834,Apartment,Entire home/apt,4,1,0,2,Real Bed,
765,9319891,Apartment,Private room,1,1,1,1,Real Bed,
766,6575407,Condominium,Private room,1,1,1,1,Real Bed,
767,7550234,House,Private room,2,1,1,1,Real Bed,
768,8939736,House,Private room,2,1,1,1,Real Bed,
769,7247720,House,Private room,2,1,1,1,Real Bed,
770,1786923,Apartment,Entire home/apt,3,1,1,2,Real Bed,
771,7649837,Apartment,Entire home/apt,3,1,0,2,Real Bed,
772,3610724,Apartment,Entire home/apt,2,1,1,1,Real Bed,
773,7988337,Apartment,Entire home/apt,3,1,1,2,Real Bed,
774,1773803,Apartment,Entire home/apt,4,1,1,1,Real Bed,
775,7536074,Apartment,Entire home/apt,2,1,2,2,Real Bed,
776,3770248,Apartment,Entire home/apt,2,1,0,2,Real Bed,
777,9097754,Apartment,Entire home/apt,2,1,1,1,Real Bed,
778,3291295,Apartment,Entire home/apt,3,1,1,1,Real Bed,
779,8171726,Apartment,Entire home/apt,8,1,4,4,Real Bed,
780,10031055,House,Shared room,4,1.5,1,2,Real Bed,
781,8939595,House,Private room,2,1,1,1,Real Bed,
782,8155580,House,Shared room,1,1,1,1,Real Bed,
783,6705584,Apartment,Entire home/apt,4,1,1,2,Real Bed,
784,1417880,Apartment,Entire home/apt,2,1,1,1,Real Bed,
785,7245692,House,Private room,2,1,1,1,Real Bed,
786,7153101,Townhouse,Entire home/apt,4,2.5,2,2,Real Bed,
787,9014572,Apartment,Private room,1,0.5,1,1,Real Bed,
788,585418,Apartment,Shared room,2,1,1,1,Futon,
789,4484426,Apartment,Entire home/apt,6,2,2,2,Real Bed,
790,3291777,Apartment,Entire home/apt,4,1,1,2,Real Bed,
791,3096191,Apartment,Entire home/apt,6,2,2,2,Real Bed,
792,9865846,Apartment,Entire home/apt,4,1,2,2,Real Bed,
793,6249536,Apartment,Entire home/apt,2,1,0,1,Real Bed,
794,5744931,Apartment,Entire home/apt,4,1,1,4,Real Bed,
795,8156764,House,Shared room,1,1,1,1,Real Bed,
796,3303857,Apartment,Entire home/apt,3,1,1,1,Real Bed,
797,8155710,House,Shared room,1,1,1,1,Real Bed,
798,3843706,House,Entire home/apt,5,2,3,3,Real Bed,
799,8156860,House,Shared room,1,1,1,1,Real Bed,
800,9316399,Apartment,Private room,2,1,1,1,Real Bed,
801,293890,Apartment,Entire home/apt,4,1,2,3,Real Bed,
802,7915432,Townhouse,Shared room,2,1.5,1,2,Couch,
803,7501583,House,Entire home/apt,6,1,2,3,Real Bed,
804,10126050,Apartment,Entire home/apt,1,1,0,1,Airbed,
805,7807658,Apartment,Shared room,2,1,1,2,Real Bed,
806,1589461,Apartment,Entire home/apt,3,1,1,1,Real Bed,
807,9303530,Apartment,Entire home/apt,6,2,2,3,Real Bed,
808,7809718,House,Entire home/apt,5,1.5,3,2,Real Bed,
809,140331,House,Private room,2,1,1,1,Real Bed,
810,9462315,House,Private room,2,1,1,1,Real Bed,
811,565703,Apartment,Entire home/apt,4,1,2,2,Real Bed,
812,1147349,Apartment,Entire home/apt,2,1,1,1,Real Bed,
813,7262358,House,Entire home/apt,2,1,1,1,Real Bed,
814,723723,House,Entire home/apt,4,1,1,2,Real Bed,
815,4757025,House,Entire home/apt,4,1,2,2,Real Bed,
816,3334052,Apartment,Entire home/apt,2,1,0,1,Real Bed,
817,7036707,Apartment,Entire home/apt,2,1,0,1,Real Bed,
818,5272327,Apartment,Entire home/apt,2,1,1,1,Real Bed,
819,3921664,House,Private room,4,1,1,2,Real Bed,
820,9974658,House,Private room,2,1,1,1,Real Bed,
821,2727984,House,Private room,1,1,1,1,Real Bed,
822,794633,House,Entire home/apt,2,1,1,1,Real Bed,
823,3959442,Apartment,Entire home/apt,2,1,0,1,Real Bed,
824,6761267,House,Entire home/apt,2,1,1,1,Real Bed,
825,6824408,House,Entire home/apt,8,2.5,3,3,Real Bed,
826,2526129,House,Entire home/apt,8,3,4,4,Real Bed,
827,7859906,House,Private room,2,1,1,1,Real Bed,
828,9636248,Condominium,Entire home/apt,2,1,1,1,Real Bed,
829,4623541,House,Entire home/apt,5,2.5,2,2,Real Bed,
830,1970725,House,Private room,2,1,1,1,Real Bed,
831,4418480,Apartment,Entire home/apt,3,1,1,1,Real Bed,
832,911001,Townhouse,Entire home/apt,6,3.5,3,3,Real Bed,2100
833,6670332,House,Entire home/apt,5,1,1,2,Real Bed,
834,1249060,House,Entire home/apt,3,1,1,1,Real Bed,
835,1566487,Apartment,Entire home/apt,4,1,1,2,Real Bed,
836,9711153,Apartment,Shared room,1,1,1,1,Real Bed,
837,444221,House,Private room,2,1,1,1,Real Bed,
838,1018204,Cabin,Private room,4,1,1,2,Real Bed,
839,4856986,House,Entire home/apt,7,2.5,3,4,Real Bed,
840,2130652,Apartment,Entire home/apt,4,1,2,2,Real Bed,
841,5524530,House,Entire home/apt,8,3,4,4,Real Bed,
842,9216874,Townhouse,Entire home/apt,4,1.5,2,2,Real Bed,
843,7971395,House,Private room,2,1,1,1,Real Bed,
844,2593263,House,Private room,3,2,1,1,Real Bed,
845,443580,Cabin,Private room,2,1,1,1,Real Bed,
846,1614502,House,Private room,2,1,1,1,Real Bed,
847,4477426,Apartment,Private room,2,1.5,1,1,Real Bed,
848,7648716,House,Private room,2,1,1,1,Real Bed,
849,9696912,House,Private room,2,1,1,1,Real Bed,
850,3585592,Apartment,Entire home/apt,2,1,1,1,Real Bed,
851,3757858,Apartment,Shared room,2,1,1,1,Real Bed,
852,7219838,Apartment,Shared room,3,1,1,1,Airbed,
853,6022715,Apartment,Entire home/apt,4,1,2,1,Real Bed,
854,7685745,House,Private room,2,1,1,1,Real Bed,
855,4565370,House,Private room,2,1,1,1,Real Bed,
856,4783817,Apartment,Private room,2,1,1,1,Real Bed,
857,2593176,House,Private room,3,2,1,2,Real Bed,
858,3143227,House,Private room,1,2,1,1,Real Bed,
859,1214306,House,Private room,2,1.5,1,1,Real Bed,
860,9448215,House,Private room,2,1,1,1,Real Bed,
861,9369481,House,Private room,2,1,1,1,Real Bed,
862,3533224,House,Private room,2,1.5,1,1,Real Bed,
863,443736,Apartment,Entire home/apt,2,1,1,1,Real Bed,
864,6675927,House,Private room,2,1.5,1,1,Real Bed,
865,1772119,House,Private room,2,2,1,1,Real Bed,
866,7808495,House,Private room,1,1,1,1,Real Bed,
867,4539948,Loft,Entire home/apt,2,1,0,1,Real Bed,
868,7768727,Townhouse,Private room,2,1,1,1,Real Bed,
869,769213,House,Entire home/apt,2,1,0,1,Pull-out Sofa,
870,5328449,Apartment,Entire home/apt,4,1,1,2,Real Bed,
871,1763809,House,Private room,2,2,1,1,Real Bed,
872,1499596,House,Entire home/apt,6,2,2,2,Real Bed,
873,4737727,House,Private room,2,1,1,1,Futon,
874,8242212,Apartment,Entire home/apt,2,1,1,1,Real Bed,
875,8186781,House,Entire home/apt,4,2,2,2,Real Bed,
876,7229015,Townhouse,Private room,2,1,1,1,Real Bed,
877,5814207,Apartment,Entire home/apt,2,1,1,1,Real Bed,
878,2274086,Apartment,Private room,2,1,1,2,Real Bed,
879,4387985,House,Entire home/apt,6,1,2,3,Real Bed,
880,9909445,Bungalow,Entire home/apt,2,1,0,1,Real Bed,
881,7664899,House,Private room,4,1,1,2,Real Bed,
882,4773614,Apartment,Entire home/apt,2,1,1,3,Real Bed,
883,3946674,House,Private room,2,1,1,1,Real Bed,
884,8616488,Apartment,Entire home/apt,2,1,1,1,Real Bed,
885,7518316,Apartment,Entire home/apt,3,1,1,1,Real Bed,
886,5259194,House,Private room,2,1,1,1,Real Bed,
887,9256702,House,Entire home/apt,4,1,1,2,Real Bed,
888,9240289,House,Private room,1,1,1,1,Real Bed,
889,2032805,House,Private room,2,2,1,1,Real Bed,
890,3751503,Apartment,Entire home/apt,2,1,1,1,Real Bed,
891,7581974,House,Private room,2,1,1,1,Real Bed,
892,6558980,Townhouse,Entire home/apt,4,2,1,1,Real Bed,
893,2399736,Apartment,Entire home/apt,4,1,2,2,Real Bed,
894,8674765,Apartment,Entire home/apt,2,1,0,1,Real Bed,
895,6004165,House,Entire home/apt,2,1,0,1,Real Bed,
896,1826155,House,Private room,2,3,1,1,Real Bed,
897,4857192,House,Private room,2,1,1,2,Real Bed,
898,7748905,Apartment,Private room,2,1,1,1,Real Bed,
899,973859,House,Entire home/apt,6,1,2,3,Real Bed,850
900,6716380,House,Entire home/apt,4,1,2,2,Real Bed,
901,7953211,House,Entire home/apt,6,1,3,4,Real Bed,
902,5241773,House,Private room,2,1,1,1,Real Bed,
903,3144597,House,Private room,1,1.5,1,1,Real Bed,
904,7698916,Apartment,Private room,2,1,1,1,Real Bed,
905,7305969,Townhouse,Private room,2,1,1,1,Real Bed,
906,5069495,Townhouse,Entire home/apt,4,0.5,1,1,Real Bed,
907,1817878,House,Entire home/apt,6,2,2,2,Real Bed,
908,4430381,Apartment,Entire home/apt,4,1,2,2,Real Bed,
909,6528192,Apartment,Private room,1,1,1,1,Futon,
910,3177005,Apartment,Entire home/apt,3,2,2,2,Real Bed,
911,4430233,Apartment,Entire home/apt,4,1,2,2,Real Bed,
912,670009,House,Entire home/apt,8,1,3,3,Real Bed,1300
913,4577542,Apartment,Entire home/apt,4,1,1,1,Real Bed,
914,6764646,House,Entire home/apt,4,1,2,2,Real Bed,
915,4256705,Apartment,Private room,4,2,1,1,Real Bed,
916,8812578,Apartment,Entire home/apt,4,1,2,2,Real Bed,
917,341454,Apartment,Entire home/apt,4,1,2,2,Real Bed,1200
918,8195629,Condominium,Entire home/apt,3,1,1,2,Real Bed,
919,2577625,Apartment,Entire home/apt,2,1,1,1,Real Bed,
920,555858,House,Private room,2,1,1,1,Real Bed,
921,4814811,House,Private room,2,1,1,1,Real Bed,
922,9484823,House,Private room,3,1,1,2,Real Bed,
923,660603,House,Private room,1,1,1,1,Real Bed,
924,3940265,House,Private room,2,1.5,1,1,Real Bed,
925,7500976,Apartment,Entire home/apt,6,1,2,2,Real Bed,
926,9516608,House,Entire home/apt,8,3.5,4,5,Real Bed,
927,9712716,House,Private room,2,1,1,2,Real Bed,
928,5813657,House,Entire home/apt,10,3.5,4,6,Real Bed,
929,8884826,Townhouse,Entire home/apt,6,1.5,2,3,Real Bed,
930,1978743,House,Private room,2,3,1,1,Real Bed,
931,6091789,House,Entire home/apt,6,1.5,3,5,Real Bed,
932,6165353,House,Entire home/apt,3,1,1,1,Real Bed,
933,1244053,House,Private room,1,1,1,1,Futon,
934,8508223,Townhouse,Entire home/apt,8,3.5,3,5,Real Bed,
935,6991188,House,Entire home/apt,3,1,1,1,Real Bed,
936,7344117,Loft,Entire home/apt,10,2.5,2,8,Real Bed,
937,9506766,House,Entire home/apt,2,1,1,1,Real Bed,
938,6451305,House,Entire home/apt,6,2.5,3,4,Real Bed,
939,7531405,Townhouse,Private room,4,1,1,1,Real Bed,
940,9612147,House,Entire home/apt,4,1,2,2,Real Bed,
941,666897,House,Entire home/apt,4,1,1,1,Real Bed,
942,4061051,House,Private room,4,1.5,1,1,Real Bed,
943,3394338,Apartment,Entire home/apt,2,1,0,1,Real Bed,
944,4238106,Apartment,Private room,2,1,1,1,Real Bed,
945,7350059,House,Private room,2,1,1,1,Real Bed,
946,5262750,Apartment,Entire home/apt,3,1,1,2,Real Bed,
947,2802844,House,Private room,2,1,1,1,Real Bed,
948,3123632,Apartment,Entire home/apt,2,2,1,1,Real Bed,
949,3024336,House,Entire home/apt,4,1.5,1,2,Real Bed,
950,8652185,House,Entire home/apt,6,3.5,4,4,Real Bed,
951,10192213,Apartment,Entire home/apt,2,1,0,1,Real Bed,
952,3970736,Apartment,Entire home/apt,5,1,1,1,Real Bed,
953,4546924,Apartment,Entire home/apt,4,1,1,3,Real Bed,
954,2760901,House,Entire home/apt,2,1,1,1,Real Bed,
955,3490239,House,Entire home/apt,5,2.5,2,3,Real Bed,
956,3416217,Apartment,Entire home/apt,2,1,1,1,Real Bed,
957,5537833,House,Entire home/apt,4,1,2,3,Real Bed,
958,8372562,House,Entire home/apt,5,3,3,5,Real Bed,
959,8866960,Townhouse,Private room,2,1,1,1,Real Bed,
960,3354614,Apartment,Entire home/apt,4,1,1,2,Real Bed,
961,8953857,House,Entire home/apt,4,1,1,3,Real Bed,
962,7093738,House,Private room,2,1,1,1,Real Bed,
963,5277900,House,Entire home/apt,6,2,3,5,Real Bed,
964,1171574,House,Private room,2,1,1,1,Real Bed,
965,1818754,House,Entire home/apt,6,2,2,2,Real Bed,
966,74328,Apartment,Entire home/apt,3,1,1,1,Real Bed,
967,6728017,House,Entire home/apt,7,2.5,3,3,Real Bed,
968,2612399,Loft,Entire home/apt,2,1,0,1,Real Bed,
969,2515795,House,Entire home/apt,6,1.5,3,3,Real Bed,
970,7093910,House,Private room,2,1,1,1,Real Bed,
971,4170863,Apartment,Entire home/apt,2,1,1,1,Real Bed,
972,7941079,House,Private room,3,1.5,1,1,Real Bed,
973,1442973,House,Entire home/apt,4,1,2,2,Real Bed,
974,4396961,House,Private room,2,2,1,1,Real Bed,
975,5859152,House,Private room,3,1.5,1,1,Real Bed,
976,8555794,Townhouse,Private room,2,1.5,1,1,Real Bed,
977,2112625,House,Private room,2,1.5,1,1,Pull-out Sofa,
978,8814802,House,Private room,3,1,1,1,Real Bed,
979,8273948,Apartment,Entire home/apt,2,1,1,1,Real Bed,
980,319768,House,Entire home/apt,8,2.5,3,4,Real Bed,
981,1961671,House,Entire home/apt,6,2,3,3,Real Bed,
982,3691288,House,Entire home/apt,8,2.5,3,3,Real Bed,
983,8703557,House,Private room,2,1,1,1,Real Bed,
984,8525338,Townhouse,Entire home/apt,5,3.5,3,3,Real Bed,
985,8049470,Apartment,Private room,2,1,1,1,Real Bed,
986,1455908,House,Entire home/apt,6,1.5,2,3,Real Bed,
987,8525825,Townhouse,Private room,2,1.5,1,1,Real Bed,
988,3463245,Apartment,Private room,2,1,1,1,Real Bed,
989,4172364,House,Private room,2,2,1,1,Real Bed,
990,3728802,House,Entire home/apt,8,3.5,5,5,Real Bed,
991,6512378,Townhouse,Private room,1,1,1,1,Real Bed,
992,785830,House,Entire home/apt,8,3.5,5,5,Real Bed,
993,8616606,House,Entire home/apt,4,2.5,2,2,Real Bed,
994,5078244,Apartment,Private room,2,1,1,1,Pull-out Sofa,
995,7921278,Apartment,Private room,2,1,1,2,Real Bed,
996,8016610,House,Entire home/apt,4,1,2,2,Real Bed,
997,4468524,House,Private room,1,2,1,1,Real Bed,
998,8424532,House,Entire home/apt,12,3.5,5,8,Real Bed,
999,6990882,House,Entire home/apt,10,3.5,3,3,Real Bed,
1000,4017140,House,Private room,2,1,1,1,Real Bed,
